Minnesota Timberwolves,Nickeil Alexander-Walker,SG,25,196,93.0,4.688
Minnesota Timberwolves,Kyle Anderson,SF,30,206,104.3,9.220
Minnesota Timberwolves,Troy Brown Jr.,SF,24,198,97.5,4.000
Minnesota Timberwolves,Mike Conley,PG,35,185,79.4,24.360
Minnesota Timberwolves,Anthony Edwards,SG,22,193,102.1,9.220
Minnesota Timberwolves,Rudy Gobert,C,31,216,117.0,41.000
Minnesota Timberwolves,Vit Krejci,F,23,201,88.5,1.836
Minnesota Timberwolves,Tyrese Martin,G,24,198,97.5,1.720
Minnesota Timberwolves,Jaden McDaniels,PF,23,206,83.9,3.901
Minnesota Timberwolves,Jordan McLaughlin,PG,27,183,83.9,2.320
Minnesota Timberwolves,Leonard Miller,F,19,208,95.3,1.800
Minnesota Timberwolves,Shake Milton,SG,27,196,93.0,5.000
Minnesota Timberwolves,Josh Minott,F,21,203,93.0,1.720
Minnesota Timberwolves,Wendell Moore Jr.,G,22,196,97.5,2.422
Minnesota Timberwolves,Daishen Nix,SG,21,193,102.5,1.836
Minnesota Timberwolves,Naz Reid,C,24,206,119.7,12.950
Minnesota Timberwolves,Karl-Anthony Towns,C,27,213,112.5,36.016